<application>
  <component name="FindSettings">
    <option name="customScope" value="Solution" />
    <option name="defaultScopeName" value="Solution" />
    <option name="localCaseSensitive" value="true" />
    <option name="localRegularExpressions" value="true" />
    <option name="LOCAL_CASE_SENSITIVE_SEARCH" value="true" />
    <option name="LOCAL_REGULAR_EXPRESSIONS" value="true" />
    <option name="SEARCH_SCOPE" value="Solution" />
    <mask>*.css</mask>
    <mask>*.html</mask>
    <mask>*.jsp</mask>
    <mask>*.properties</mask>
    <mask>*.java</mask>
    <mask>*.xml</mask>
  </component>
</application>