<keymap version="1" name="macOS copy" parent="Mac OS X 10.5+">
  <action id="Arrangement.Alias.Rule.Match.Condition.Move.Down" />
  <action id="Arrangement.Rule.Group.Condition.Move.Down" />
  <action id="Arrangement.Rule.Group.Condition.Move.Up" />
  <action id="Arrangement.Rule.Match.Condition.Move.Down" />
  <action id="Arrangement.Rule.Match.Condition.Move.Up" />
  <action id="Back">
    <keyboard-shortcut first-keystroke="meta open_bracket" />
    <keyboard-shortcut first-keystroke="meta alt left" />
    <mouse-shortcut keystroke="button4" />
    <keyboard-shortcut first-keystroke="alt left" />
  </action>
  <action id="CheckinProject" />
  <action id="CollapseExpandableComponent">
    <keyboard-shortcut first-keystroke="meta subtract" />
    <keyboard-shortcut first-keystroke="meta minus" />
  </action>
  <action id="Console.Execute.Multiline" />
  <action id="Console.SplitLine" />
  <action id="DirDiffMenu.SynchronizeDiff.All" />
  <action id="EditorDown">
    <keyboard-shortcut first-keystroke="down" />
    <keyboard-shortcut first-keystroke="ctrl n" />
    <keyboard-shortcut first-keystroke="meta m" />
  </action>
  <action id="EditorDuplicate">
    <keyboard-shortcut first-keystroke="meta d" />
    <keyboard-shortcut first-keystroke="shift alt down" />
  </action>
  <action id="EditorLeft">
    <keyboard-shortcut first-keystroke="left" />
    <keyboard-shortcut first-keystroke="ctrl b" />
    <keyboard-shortcut first-keystroke="meta j" />
  </action>
  <action id="EditorLineEnd">
    <keyboard-shortcut first-keystroke="end" />
    <keyboard-shortcut first-keystroke="meta right" />
    <keyboard-shortcut first-keystroke="ctrl e" />
    <keyboard-shortcut first-keystroke="meta semicolon" />
  </action>
  <action id="EditorNextWord">
    <keyboard-shortcut first-keystroke="ctrl alt f" />
  </action>
  <action id="EditorNextWordWithSelection">
    <keyboard-shortcut first-keystroke="shift alt right" />
    <keyboard-shortcut first-keystroke="shift ctrl alt f" />
    <keyboard-shortcut first-keystroke="meta o" />
  </action>
  <action id="EditorPreviousWord">
    <keyboard-shortcut first-keystroke="ctrl alt b" />
  </action>
  <action id="EditorPreviousWordWithSelection">
    <keyboard-shortcut first-keystroke="shift alt left" />
    <keyboard-shortcut first-keystroke="shift ctrl alt b" />
    <keyboard-shortcut first-keystroke="meta u" />
  </action>
  <action id="EditorRight">
    <keyboard-shortcut first-keystroke="right" />
    <keyboard-shortcut first-keystroke="ctrl f" />
    <keyboard-shortcut first-keystroke="meta k" />
  </action>
  <action id="EditorSelectWord" />
  <action id="EditorSplitLine" />
  <action id="EditorStartNewLine" />
  <action id="EditorUnSelectWord" />
  <action id="EditorUp">
    <keyboard-shortcut first-keystroke="up" />
    <keyboard-shortcut first-keystroke="ctrl p" />
    <keyboard-shortcut first-keystroke="meta i" />
  </action>
  <action id="Exit" />
  <action id="ExpandExpandableComponent">
    <keyboard-shortcut first-keystroke="meta add" />
    <keyboard-shortcut first-keystroke="meta equals" />
  </action>
  <action id="ExtractFunction" />
  <action id="ExtractMethod" />
  <action id="FileChooser.TogglePathBar" />
  <action id="FindInPath">
    <keyboard-shortcut first-keystroke="shift meta f" />
    <keyboard-shortcut first-keystroke="meta p" />
  </action>
  <action id="Forward">
    <keyboard-shortcut first-keystroke="meta close_bracket" />
    <keyboard-shortcut first-keystroke="meta alt right" />
    <mouse-shortcut keystroke="button5" />
    <keyboard-shortcut first-keystroke="alt right" />
  </action>
  <action id="GotoClass" />
  <action id="GotoNextError">
    <keyboard-shortcut first-keystroke="f2" />
    <keyboard-shortcut first-keystroke="alt e" />
  </action>
  <action id="GotoSuperMethod" />
  <action id="GuiDesigner.ShrinkSelection" />
  <action id="Images.Editor.ToggleGrid" />
  <action id="InsertLiveTemplate" />
  <action id="KotlinShellExecute" />
  <action id="List-selectFirstRow" />
  <action id="List-selectLastRow" />
  <action id="List-selectLastRowExtendSelection" />
  <action id="MethodOverloadSwitchDown" />
  <action id="MethodOverloadSwitchUp" />
  <action id="MinimizeCurrentWindow" />
  <action id="MoveLineDown">
    <keyboard-shortcut first-keystroke="alt m" />
    <keyboard-shortcut first-keystroke="alt down" />
  </action>
  <action id="MoveLineUp">
    <keyboard-shortcut first-keystroke="alt up" />
    <keyboard-shortcut first-keystroke="alt i" />
  </action>
  <action id="NavBar-selectHome">
    <keyboard-shortcut first-keystroke="home" />
    <keyboard-shortcut first-keystroke="meta left" />
    <keyboard-shortcut first-keystroke="ctrl a" />
  </action>
  <action id="OpenInRightSplit">
    <mouse-shortcut keystroke="alt button1 doubleClick" />
  </action>
  <action id="ParameterInfo" />
  <action id="Refactorings.QuickListPopupAction">
    <keyboard-shortcut first-keystroke="ctrl t" />
    <keyboard-shortcut first-keystroke="shift meta r" />
  </action>
  <action id="ReplaceInPath" />
  <action id="SequencePlugin.ShowSequenceDiagram" />
  <action id="SetShortcutAction" />
  <action id="ShowProjectStructureSettings" />
  <action id="ShowReformatFileDialog">
    <keyboard-shortcut first-keystroke="shift meta alt l" />
    <keyboard-shortcut first-keystroke="alt s" />
  </action>
  <action id="ShowSearchHistory" />
  <action id="SmartSelect" />
  <action id="SmartUnSelect" />
  <action id="SplitChooser.Duplicate" />
  <action id="Terminal.ClearBuffer">
    <keyboard-shortcut first-keystroke="meta l" />
  </action>
  <action id="Terminal.SmartCommandExecution.Run" />
  <action id="TypeHierarchy">
    <keyboard-shortcut first-keystroke="alt h" />
  </action>
  <action id="UsageView.ShowRecentFindUsages" />
  <action id="ViewSource" />
  <action id="com.sankuai.xframe.mcopilot.intellij.gpt.selection.GptEditorSelectionHotKey-gptButtonAction-Chat">
    <keyboard-shortcut first-keystroke="alt 7" />
  </action>
  <action id="com.sankuai.xframe.mcopilot.intellij.gpt.selection.GptEditorSelectionHotKey-gptButtonAction-单测">
    <keyboard-shortcut first-keystroke="alt 6" />
  </action>
  <action id="com.sankuai.xframe.mcopilot.intellij.gpt.selection.GptEditorSelectionHotKey-gptButtonAction-找Bug">
    <keyboard-shortcut first-keystroke="alt 1" />
  </action>
  <action id="com.sankuai.xframe.mcopilot.intellij.gpt.selection.GptEditorSelectionHotKey-gptButtonAction-注释">
    <keyboard-shortcut first-keystroke="alt 4" />
  </action>
  <action id="com.sankuai.xframe.mcopilot.intellij.gpt.selection.GptEditorSelectionHotKey-gptButtonAction-解释">
    <keyboard-shortcut first-keystroke="alt 5" />
  </action>
  <action id="com.sankuai.xframe.mcopilot.intellij.gpt.selection.GptEditorSelectionHotKey-gptButtonAction-重构">
    <keyboard-shortcut first-keystroke="alt 2" />
  </action>
  <action id="com.sankuai.xframe.mcopilot.intellij.gpt.selection.GptEditorSelectionHotKey-showPanelAction">
    <keyboard-shortcut first-keystroke="alt 0" />
  </action>
  <action id="mcopilot.applyInlays">
    <keyboard-shortcut first-keystroke="meta enter" />
    <keyboard-shortcut first-keystroke="meta quote" />
  </action>
  <action id="org.intellij.plugins.markdown.ui.actions.styling.InsertImageAction" />
  <action id="org.intellij.plugins.markdown.ui.actions.styling.ToggleItalicAction" />
</keymap>