<code_scheme name="Default" version="173">
  <option name="LINE_SEPARATOR" value="&#10;" />
  <option name="WRAP_WHEN_TYPING_REACHES_RIGHT_MARGIN" value="true" />
  <JavaCodeStyleSettings>
    <option name="MULTI_CATCH_TYPES_WRAP" value="0" />
  </JavaCodeStyleSettings>
  <codeStyleSettings language="JAVA">
    <option name="LINE_COMMENT_AT_FIRST_COLUMN" value="false" />
    <option name="BLOCK_COMMENT_AT_FIRST_COLUMN" value="false" />
    <option name="KEEP_LINE_BREAKS" value="false" />
    <option name="KEEP_FIRST_COLUMN_COMMENT" value="false" />
    <option name="ELSE_ON_NEW_LINE" value="true" />
    <option name="RESOURCE_LIST_WRAP" value="2" />
    <option name="KEEP_SIMPLE_BLOCKS_IN_ONE_LINE" value="true" />
    <option name="KEEP_SIMPLE_METHODS_IN_ONE_LINE" value="true" />
    <option name="KEEP_SIMPLE_LAMBDAS_IN_ONE_LINE" value="true" />
    <option name="KEEP_SIMPLE_CLASSES_IN_ONE_LINE" value="true" />
    <option name="KEEP_MULTIPLE_EXPRESSIONS_IN_ONE_LINE" value="true" />
    <option name="FOR_STATEMENT_WRAP" value="2" />
    <option name="IF_BRACE_FORCE" value="3" />
    <option name="DOWHILE_BRACE_FORCE" value="3" />
    <option name="WHILE_BRACE_FORCE" value="3" />
    <option name="FOR_BRACE_FORCE" value="3" />
    <option name="WRAP_ON_TYPING" value="0" />
  </codeStyleSettings>
  <codeStyleSettings language="XML">
    <option name="LINE_COMMENT_AT_FIRST_COLUMN" value="false" />
    <option name="BLOCK_COMMENT_AT_FIRST_COLUMN" value="false" />
  </codeStyleSettings>
</code_scheme>