<keymap version="1" name="win" parent="Visual Studio">
  <action id="ActivateTerminalToolWindow">
    <keyboard-shortcut first-keystroke="ctrl t" />
  </action>
  <action id="ApplyCosyInlayCompletion">
    <keyboard-shortcut first-keystroke="tab" />
    <keyboard-shortcut first-keystroke="alt tab" />
    <keyboard-shortcut first-keystroke="ctrl enter" />
  </action>
  <action id="Arrangement.Alias.Rule.Match.Condition.Move.Down" />
  <action id="Arrangement.Rule.Group.Condition.Move.Down" />
  <action id="Arrangement.Rule.Group.Condition.Move.Up" />
  <action id="Arrangement.Rule.Match.Condition.Move.Down" />
  <action id="Arrangement.Rule.Match.Condition.Move.Up" />
  <action id="Back">
    <keyboard-shortcut first-keystroke="ctrl minus" />
    <keyboard-shortcut first-keystroke="ctrl subtract" />
    <mouse-shortcut keystroke="button4" />
    <keyboard-shortcut first-keystroke="alt left" />
  </action>
  <action id="ChangeSignature" />
  <action id="ChangesView.Rename" />
  <action id="CodeCleanup" />
  <action id="CodeCompletion">
    <keyboard-shortcut first-keystroke="ctrl space" />
  </action>
  <action id="CollapseAllRegions" />
  <action id="CollapseRegion" />
  <action id="CollapseSelection" />
  <action id="CommentByLineComment">
    <keyboard-shortcut first-keystroke="ctrl alt slash" />
    <keyboard-shortcut first-keystroke="ctrl alt divide" />
    <keyboard-shortcut first-keystroke="ctrl slash" />
  </action>
  <action id="Console.Execute.Multiline" />
  <action id="Debugger.EditFrameSource" />
  <action id="Debugger.MarkObject" />
  <action id="DirDiffMenu.SynchronizeDiff.All" />
  <action id="Documentation.EditSource" />
  <action id="DomCollectionControl.Edit" />
  <action id="EditSource" />
  <action id="EditorDeleteLine">
    <keyboard-shortcut first-keystroke="shift ctrl l" />
  </action>
  <action id="EditorDown">
    <keyboard-shortcut first-keystroke="down" />
    <keyboard-shortcut first-keystroke="ctrl m" />
  </action>
  <action id="EditorDuplicate">
    <keyboard-shortcut first-keystroke="shift alt down" />
  </action>
  <action id="EditorLeft">
    <keyboard-shortcut first-keystroke="left" />
    <keyboard-shortcut first-keystroke="ctrl j" />
  </action>
  <action id="EditorLineEnd">
    <keyboard-shortcut first-keystroke="end" />
    <keyboard-shortcut first-keystroke="ctrl semicolon" />
  </action>
  <action id="EditorLineStart">
    <keyboard-shortcut first-keystroke="home" />
    <keyboard-shortcut first-keystroke="ctrl h" />
  </action>
  <action id="EditorNextWord" />
  <action id="EditorNextWordWithSelection">
    <keyboard-shortcut first-keystroke="shift ctrl o" />
    <keyboard-shortcut first-keystroke="ctrl o" />
  </action>
  <action id="EditorPreviousWord" />
  <action id="EditorPreviousWordWithSelection">
    <keyboard-shortcut first-keystroke="shift ctrl u" />
    <keyboard-shortcut first-keystroke="ctrl u" />
  </action>
  <action id="EditorRight">
    <keyboard-shortcut first-keystroke="right" />
    <keyboard-shortcut first-keystroke="ctrl k" />
  </action>
  <action id="EditorScrollToCenter" />
  <action id="EditorSelectLine">
    <keyboard-shortcut first-keystroke="ctrl l" />
  </action>
  <action id="EditorStartNewLineBefore" />
  <action id="EditorToggleCase" />
  <action id="EditorToggleShowWhitespaces" />
  <action id="EditorToggleUseSoftWraps" />
  <action id="EditorUp">
    <keyboard-shortcut first-keystroke="up" />
    <keyboard-shortcut first-keystroke="ctrl i" />
  </action>
  <action id="ExpandAllRegions" />
  <action id="ExpandCollapseToggleAction" />
  <action id="ExpandRegion" />
  <action id="ExternalSystem.OpenConfig" />
  <action id="ExtractMethod" />
  <action id="FileChooser.NewFolder">
    <keyboard-shortcut first-keystroke="alt insert" />
  </action>
  <action id="FileChooser.TogglePathBar" />
  <action id="ForceOthersToFollowAction" />
  <action id="Forward">
    <keyboard-shortcut first-keystroke="shift ctrl minus" />
    <keyboard-shortcut first-keystroke="shift ctrl subtract" />
    <mouse-shortcut keystroke="button5" />
    <keyboard-shortcut first-keystroke="alt right" />
  </action>
  <action id="Git.Rename.Local.Branch" />
  <action id="Git.Reword.Commit" />
  <action id="GotoDeclaration">
    <keyboard-shortcut first-keystroke="f12" />
    <mouse-shortcut keystroke="control button1" />
    <mouse-shortcut keystroke="button2" />
    <keyboard-shortcut first-keystroke="alt d" />
  </action>
  <action id="GotoNextBookmark" />
  <action id="GotoNextError">
    <keyboard-shortcut first-keystroke="alt page_down" />
    <keyboard-shortcut first-keystroke="ctrl e" />
  </action>
  <action id="GotoPreviousBookmark" />
  <action id="IncrementalSearch" />
  <action id="Inline" />
  <action id="InsertLiveTemplate" />
  <action id="IntroduceField" />
  <action id="IntroduceParameter" />
  <action id="IntroduceProperty" />
  <action id="IntroduceVariable" />
  <action id="KotlinShellExecute" />
  <action id="Markdown.Styling.CreateLink" />
  <action id="MethodDown" />
  <action id="MethodUp" />
  <action id="Move" />
  <action id="MoveLineDown">
    <keyboard-shortcut first-keystroke="alt down" />
  </action>
  <action id="MoveLineUp">
    <keyboard-shortcut first-keystroke="alt up" />
  </action>
  <action id="MoveStatementDown">
    <keyboard-shortcut first-keystroke="alt down" />
  </action>
  <action id="MoveStatementUp">
    <keyboard-shortcut first-keystroke="alt up" />
  </action>
  <action id="NewElement">
    <keyboard-shortcut first-keystroke="alt insert" />
  </action>
  <action id="NextTab" />
  <action id="OpenBookmarkGroup" />
  <action id="OpenFile" />
  <action id="OpenModuleSettings" />
  <action id="PCNavigateToSource" />
  <action id="PreviousTab" />
  <action id="Print" />
  <action id="ProjectViewEditSource" />
  <action id="QuickJavaDoc">
    <keyboard-shortcut first-keystroke="shift ctrl f1" />
  </action>
  <action id="RecentFiles">
    <keyboard-shortcut first-keystroke="ctrl n" />
  </action>
  <action id="ReformatCode">
    <keyboard-shortcut first-keystroke="ctrl alt enter" />
  </action>
  <action id="RenameElement">
    <keyboard-shortcut first-keystroke="f6" />
  </action>
  <action id="Replace">
    <keyboard-shortcut first-keystroke="ctrl r" />
  </action>
  <action id="Resume">
    <keyboard-shortcut first-keystroke="shift f5" />
  </action>
  <action id="RiderBackendAction-EncapsulateField" />
  <action id="Run">
    <keyboard-shortcut first-keystroke="f5" />
  </action>
  <action id="RunDashboard.Stop" />
  <action id="SafeDelete">
    <keyboard-shortcut first-keystroke="alt delete" />
  </action>
  <action id="SearchEverywhere">
    <keyboard-shortcut first-keystroke="ctrl p" />
  </action>
  <action id="SelectIn">
    <keyboard-shortcut first-keystroke="f4" />
  </action>
  <action id="ShelveChanges.UnshelveWithDialog" />
  <action id="ShelvedChanges.Rename" />
  <action id="ShowBookmarks">
    <keyboard-shortcut first-keystroke="ctrl back_quote" />
  </action>
  <action id="ShowContent" />
  <action id="ShowReformatFileDialog">
    <keyboard-shortcut first-keystroke="shift ctrl alt l" />
    <keyboard-shortcut first-keystroke="alt s" />
  </action>
  <action id="ShowSearchHistory" />
  <action id="SilentCodeCleanup" />
  <action id="SplitChooser.Duplicate" />
  <action id="SplitChooser.SplitCenter" />
  <action id="Stop" />
  <action id="SurroundWithLiveTemplate" />
  <action id="SwitchHeaderSource">
    <keyboard-shortcut first-keystroke="alt o" />
  </action>
  <action id="SwitcherIterateItems" />
  <action id="SwitcherRecentEditedChangedToggleCheckBox" />
  <action id="Terminal.ClearBuffer" />
  <action id="Terminal.SearchInCommandHistory" />
  <action id="Terminal.SmartCommandExecution.Run" />
  <action id="ToggleBookmark" />
  <action id="TriggerInlayCompletionAction" />
  <action id="TypeHierarchy">
    <keyboard-shortcut first-keystroke="alt h" />
  </action>
  <action id="TypeHierarchyBase.BaseOnThisType" />
  <action id="Unscramble" />
  <action id="UsageFiltering.Imports" />
  <action id="UsageFiltering.ReadAccess" />
  <action id="UsageView.ShowRecentFindUsages" />
  <action id="Vcs.EditSource" />
  <action id="Vcs.Log.ShowTooltip">
    <keyboard-shortcut first-keystroke="shift ctrl f1" />
  </action>
  <action id="Vcs.ReformatCommitMessage">
    <keyboard-shortcut first-keystroke="ctrl alt enter" />
  </action>
  <action id="Vcs.ShowMessageHistory" />
  <action id="ViewSource" />
  <action id="XDebugger.JumpToSource" />
  <action id="org.intellij.plugins.markdown.ui.actions.styling.InsertImageAction" />
  <action id="org.intellij.plugins.markdown.ui.actions.styling.ToggleItalicAction" />
  <action id="refactoring.introduce.property" />
</keymap>