<application>
  <component name="GeneralSettings">
    <option name="showTipsOnStartup" value="false" />
    <option name="confirmExit" value="false" />
    <option name="confirmOpenNewProject2" value="0" />
    <option name="processCloseConfirmation" value="TERMINATE" />
  </component>
  <component name="Registry">
    <entry key="ide.experimental.ui" value="true" />
    <entry key="debugger.new.tool.window.layout" value="true" />
  </component>
  <component name="StatusBar">
    <option name="widgets">
      <map>
        <entry key="CodeStyleStatusBarWidget" value="false" />
        <entry key="CwmWireStatsWidgetFactory" value="false" />
        <entry key="MCopilot" value="false" />
        <entry key="com.intellij.psi.codeStyle.statusbar.CodeStyleStatusBarWidget" value="false" />
        <entry key="pythonInterpreterWidget" value="false" />
      </map>
    </option>
  </component>
</application>