<application>
  <component name="TemplateSettings">
    <option name="deletedKeys">
      <list>
        <TemplateKey>
          <option name="groupName" value="Shell Script Hidden" />
          <option name="key" value="shell_if" />
        </TemplateKey>
        <TemplateKey>
          <option name="groupName" value="Shell Script Hidden" />
          <option name="key" value="shell_elif" />
        </TemplateKey>
        <TemplateKey>
          <option name="groupName" value="Shell Script Hidden" />
          <option name="key" value="shell_select" />
        </TemplateKey>
        <TemplateKey>
          <option name="groupName" value="Shell Script Hidden" />
          <option name="key" value="shell_case" />
        </TemplateKey>
        <TemplateKey>
          <option name="groupName" value="Shell Script Hidden" />
          <option name="key" value="shell_for" />
        </TemplateKey>
        <TemplateKey>
          <option name="groupName" value="Shell Script Hidden" />
          <option name="key" value="shell_while" />
        </TemplateKey>
        <TemplateKey>
          <option name="groupName" value="Shell Script Hidden" />
          <option name="key" value="shell_until" />
        </TemplateKey>
        <TemplateKey>
          <option name="groupName" value="Shell Script Hidden" />
          <option name="key" value="shell_function" />
        </TemplateKey>
        <TemplateKey>
          <option name="groupName" value="Shell Script Hidden" />
          <option name="key" value="shell_string equal" />
        </TemplateKey>
        <TemplateKey>
          <option name="groupName" value="Shell Script Hidden" />
          <option name="key" value="shell_string not equal" />
        </TemplateKey>
        <TemplateKey>
          <option name="groupName" value="Shell Script Hidden" />
          <option name="key" value="shell_string is empty" />
        </TemplateKey>
        <TemplateKey>
          <option name="groupName" value="Shell Script Hidden" />
          <option name="key" value="shell_string not empty" />
        </TemplateKey>
        <TemplateKey>
          <option name="groupName" value="Shell Script Hidden" />
          <option name="key" value="shell_number equal" />
        </TemplateKey>
        <TemplateKey>
          <option name="groupName" value="Shell Script Hidden" />
          <option name="key" value="shell_number not equal" />
        </TemplateKey>
        <TemplateKey>
          <option name="groupName" value="Shell Script Hidden" />
          <option name="key" value="shell_number less" />
        </TemplateKey>
        <TemplateKey>
          <option name="groupName" value="Shell Script Hidden" />
          <option name="key" value="shell_number less or equal" />
        </TemplateKey>
        <TemplateKey>
          <option name="groupName" value="Shell Script Hidden" />
          <option name="key" value="shell_number greater" />
        </TemplateKey>
        <TemplateKey>
          <option name="groupName" value="Shell Script Hidden" />
          <option name="key" value="shell_number greater or equal" />
        </TemplateKey>
        <TemplateKey>
          <option name="groupName" value="Shell Script Hidden" />
          <option name="key" value="shell_file exists" />
        </TemplateKey>
        <TemplateKey>
          <option name="groupName" value="Shell Script Hidden" />
          <option name="key" value="shell_file not empty" />
        </TemplateKey>
        <TemplateKey>
          <option name="groupName" value="Shell Script Hidden" />
          <option name="key" value="shell_file readable" />
        </TemplateKey>
        <TemplateKey>
          <option name="groupName" value="Shell Script Hidden" />
          <option name="key" value="shell_file writable" />
        </TemplateKey>
        <TemplateKey>
          <option name="groupName" value="Shell Script Hidden" />
          <option name="key" value="shell_file executable" />
        </TemplateKey>
        <TemplateKey>
          <option name="groupName" value="Shell Script Hidden" />
          <option name="key" value="shell_file equals" />
        </TemplateKey>
        <TemplateKey>
          <option name="groupName" value="Shell Script Hidden" />
          <option name="key" value="shell_file newer" />
        </TemplateKey>
        <TemplateKey>
          <option name="groupName" value="Shell Script Hidden" />
          <option name="key" value="shell_file older" />
        </TemplateKey>
        <TemplateKey>
          <option name="groupName" value="Shell Script Hidden" />
          <option name="key" value="shell_path exists" />
        </TemplateKey>
        <TemplateKey>
          <option name="groupName" value="Shell Script Hidden" />
          <option name="key" value="shell_directory exists" />
        </TemplateKey>
        <TemplateKey>
          <option name="groupName" value="Shell Script Hidden" />
          <option name="key" value="shell_command exists" />
        </TemplateKey>
        <TemplateKey>
          <option name="groupName" value="Java" />
          <option name="key" value="fori" />
        </TemplateKey>
        <TemplateKey>
          <option name="groupName" value="Java" />
          <option name="key" value="else-if" />
        </TemplateKey>
        <TemplateKey>
          <option name="groupName" value="Java" />
          <option name="key" value="itar" />
        </TemplateKey>
        <TemplateKey>
          <option name="groupName" value="Java" />
          <option name="key" value="itco" />
        </TemplateKey>
        <TemplateKey>
          <option name="groupName" value="Java" />
          <option name="key" value="iten" />
        </TemplateKey>
        <TemplateKey>
          <option name="groupName" value="Java" />
          <option name="key" value="itit" />
        </TemplateKey>
        <TemplateKey>
          <option name="groupName" value="Java" />
          <option name="key" value="itli" />
        </TemplateKey>
        <TemplateKey>
          <option name="groupName" value="Java" />
          <option name="key" value="itm" />
        </TemplateKey>
        <TemplateKey>
          <option name="groupName" value="Java" />
          <option name="key" value="ittok" />
        </TemplateKey>
        <TemplateKey>
          <option name="groupName" value="Java" />
          <option name="key" value="ritar" />
        </TemplateKey>
        <TemplateKey>
          <option name="groupName" value="Java" />
          <option name="key" value="iter" />
        </TemplateKey>
        <TemplateKey>
          <option name="groupName" value="Java" />
          <option name="key" value="inst" />
        </TemplateKey>
        <TemplateKey>
          <option name="groupName" value="Java" />
          <option name="key" value="lst" />
        </TemplateKey>
        <TemplateKey>
          <option name="groupName" value="Java" />
          <option name="key" value="mn" />
        </TemplateKey>
        <TemplateKey>
          <option name="groupName" value="Java" />
          <option name="key" value="mx" />
        </TemplateKey>
        <TemplateKey>
          <option name="groupName" value="Java" />
          <option name="key" value="toar" />
        </TemplateKey>
        <TemplateKey>
          <option name="groupName" value="Java" />
          <option name="key" value="lazy" />
        </TemplateKey>
        <TemplateKey>
          <option name="groupName" value="Java" />
          <option name="key" value="inn" />
        </TemplateKey>
        <TemplateKey>
          <option name="groupName" value="Java" />
          <option name="key" value="ifn" />
        </TemplateKey>
        <TemplateKey>
          <option name="groupName" value="Java" />
          <option name="key" value="geti" />
        </TemplateKey>
        <TemplateKey>
          <option name="groupName" value="Java" />
          <option name="key" value="St" />
        </TemplateKey>
        <TemplateKey>
          <option name="groupName" value="Java" />
          <option name="key" value="psf" />
        </TemplateKey>
        <TemplateKey>
          <option name="groupName" value="Java" />
          <option name="key" value="prsf" />
        </TemplateKey>
        <TemplateKey>
          <option name="groupName" value="Java" />
          <option name="key" value="psfi" />
        </TemplateKey>
        <TemplateKey>
          <option name="groupName" value="Java" />
          <option name="key" value="psfs" />
        </TemplateKey>
        <TemplateKey>
          <option name="groupName" value="Java" />
          <option name="key" value="thr" />
        </TemplateKey>
        <TemplateKey>
          <option name="groupName" value="Java" />
          <option name="key" value="serr" />
        </TemplateKey>
        <TemplateKey>
          <option name="groupName" value="Java" />
          <option name="key" value="serrc" />
        </TemplateKey>
        <TemplateKey>
          <option name="groupName" value="Java" />
          <option name="key" value="soutc" />
        </TemplateKey>
        <TemplateKey>
          <option name="groupName" value="Java" />
          <option name="key" value="souf" />
        </TemplateKey>
        <TemplateKey>
          <option name="groupName" value="Java" />
          <option name="key" value="soutm" />
        </TemplateKey>
        <TemplateKey>
          <option name="groupName" value="Java" />
          <option name="key" value="soutp" />
        </TemplateKey>
        <TemplateKey>
          <option name="groupName" value="Java" />
          <option name="key" value="soutv" />
        </TemplateKey>
        <TemplateKey>
          <option name="groupName" value="Java" />
          <option name="key" value="C" />
        </TemplateKey>
        <TemplateKey>
          <option name="groupName" value="Java" />
          <option name="key" value="RL" />
        </TemplateKey>
        <TemplateKey>
          <option name="groupName" value="Java" />
          <option name="key" value="WL" />
        </TemplateKey>
        <TemplateKey>
          <option name="groupName" value="Java" />
          <option name="key" value="I" />
        </TemplateKey>
      </list>
    </option>
  </component>
</application>