<application>
  <component name="UpdatesConfigurable">
    <option name="LAST_BUILD_CHECKED" value="PC-241.15989.155" />
    <option name="LAST_TIME_CHECKED" value="1727686324581" />
    <option name="OBSOLETE_CUSTOM_REPOSITORIES_CLEAN_NEEDED" value="false" />
    <pluginHosts>
      <item value="https://idekit.sankuai.com/repository/plugins.xml" />
    </pluginHosts>
    <option name="THIRD_PARTY_PLUGINS_ALLOWED" value="true" />
    <option name="WHATS_NEW_SHOWN_FOR" value="231" />
  </component>
</application>