<application>
  <component name="MavenWrapperMapping">
    <option name="mapping">
      <map>
        <entry key="https://maven-central.storage-download.googleapis.com/maven2/org/apache/maven/apache-maven/3.9.1/apache-maven-3.9.1-bin.zip" value="C:\Users\27668\.m2\wrapper\dists\apache-maven-3.9.1-bin\1qu2j845gaffp9c8ucrqm80hii\apache-maven-3.9.1" />
        <entry key="https://repo.maven.apache.org/maven2/org/apache/maven/apache-maven/3.8.4/apache-maven-3.8.4-bin.zip" value="C:\Users\27668\.m2\wrapper\dists\apache-maven-3.8.4-bin\52ccbt68d252mdldqsfsn03jlf\apache-maven-3.8.4" />
      </map>
    </option>
  </component>
</application>