<application>
  <component name="aminer-codegeex">
    <option name="enableCompletions" value="false" />
    <option name="sessionId" value="2603aaf6-b5bf-4102-a494-a0dc2ed58eab" />
    <option name="userId" value="cd5c3c690e3a4101803f1c50dfe50077" />
    <option name="userName" value="王士翰" />
    <option name="source" value="wechat_open" />
    <option name="sourceId" value="oTz1V6P2zkIrMgbQmGzWPx1_z5Cc" />
    <option name="configCacheSeconds" value="43200" />
    <option name="minCompletionDelay" value="500" />
    <option name="lastPluginVersion" value="2.1.1" />
  </component>
</application>