<application>
  <component name="Translation.Cache">
    <option name="lastTrimTime" value="1702456073381" />
  </component>
  <component name="Translation.Settings">
    <option name="baiduTranslateSettings">
      <app-key>
        <option name="appId" value="20230905001806586" />
      </app-key>
    </option>
    <option name="primaryLanguage" value="CHINESE" />
    <option name="showActionsInContextMenuOnlyWithSelection" value="false" />
    <option name="translator" value="BAIDU" />
  </component>
  <component name="Translation.States">
    <histories>
      <item value="In Spring WebFlux, &quot;request parameters&quot; map to query parameters only. To work with all 3, query, form data, and multipart data, you can use data binding to a command object annotated with ModelAttribute." />
      <item value="In Spring MVC, &quot;request parameters&quot; map to query parameters, form data, and parts in multipart requests. This is because the Servlet API combines query parameters and form data into a single map called &quot;parameters&quot;, and that includes automatic parsing of the request body." />
      <item value="twin" />
      <item value="vice GM" />
      <item value="vice" />
      <item value="Sharded" />
      <item value="affix" />
      <item value="Approval" />
      <item value="transition" />
      <item value="Conscrypt" />
      <item value="IMPLICITLY" />
      <item value="Performs TLS (re)negotiation." />
      <item value="Cumulator" />
      <item value="Issues an initial TLS handshake once connected when used in client-mode" />
      <item value="Page Aligned" />
      <item value="scalability" />
      <item value="Registration future is almost always fulfilled already, but just in case it's not" />
      <item value="Selector Tuple" />
      <item value="produces" />
      <item value="Raises an exception bypassing compiler checks for checked exceptions" />
      <item value="to avoidpostpone performance cost of System.nanoTime()" />
      <item value="A nexus to a network socket or a component which is capable of IO operations such as read, write, connect, and bind." />
      <item value="nexus" />
      <item value="Duplex" />
      <item value="A nexus for IO operations." />
      <item value="Usage guarded by java version check" />
      <item value="comprised" />
      <item value="Color Model" />
      <item value="A BufferedImage is comprised of a ColorModel and a Raster of image data" />
      <item value="Raster" />
      <item value="A clock providing access to the current instant, date and time using a time-zone. Instances of this abstract class are used to access a pluggable representation of the current instant, which can be interpreted using the stored time-zone to find the current date and time. For example, Clock can be used instead of System.currentTimeMillis() and TimeZone.getDefault()." />
      <item value="Solar" />
      <item value="The same origin is used by all invocations of this method in an instance of a Java virtual machine; other virtual machine instances are likely to use a different origin." />
      <item value="This method can only be used to measure elapsed time and is not related to any other notion of system or wall-clock time. The value returned represents nanoseconds since some fixed but arbitrary origin time (perhaps in the future, so values may be negative)." />
      <item value="Clock drift 4 ms after 1997 ms = 2 mss" />
      <item value="is Leap Year" />
      <item value="Sends one message when a connection is open and echoes back any received data to the server. Simply put, the echo client initiates the ping-pong traffic between the echo client and server by sending the first message to the server." />
      <item value="Simply put" />
      <item value="Automatically active on windows as we only release static boringssl version of netty-tcnative for windows." />
      <item value="Our Javadoc has poor enough quality to fail the build thanks to JDK8 javadoc which got more strict." />
      <item value="The &lt;code&gt;System&lt;code&gt; class contains several useful class fields and methods. It cannot be instantiated. &lt;p&gt;Among the facilities provided by the &lt;code&gt;System&lt;code&gt; class are standard input, standard output, and error output streams; access to externally defined properties and environment variables; a means of loading files and libraries; and a utility method for quickly copying a portion of an array." />
      <item value="Java vendor specific string" />
      <item value="vendor" />
      <item value="do Privileged" />
      <item value="retain" />
      <item value="Violation" />
      <item value="Year Month" />
      <item value="Compensated" />
      <item value="gene Labor Discipline Score" />
      <item value="Chardomain" />
    </histories>
    <option name="languageScores">
      <map>
        <entry key="CHINESE" value="50" />
        <entry key="ENGLISH" value="51" />
        <entry key="GALICIAN" value="1" />
      </map>
    </option>
  </component>
</application>