<keymap version="1" name="VSCode copy" parent="VSCode">
  <action id="$EditorTranslateAction">
    <keyboard-shortcut first-keystroke="alt t" />
  </action>
  <action id="$ShowTranslationDialogAction" />
  <action id="ActivateRunToolWindow" />
  <action id="CallHierarchy" />
  <action id="CloseAllEditors" />
  <action id="CloseProject" />
  <action id="CollapseAllRegions" />
  <action id="CollapseRegionRecursively" />
  <action id="CommentByLineComment">
    <keyboard-shortcut first-keystroke="ctrl slash" />
  </action>
  <action id="CompareClipboardWithSelection" />
  <action id="Console.TableResult.EditValue">
    <keyboard-shortcut first-keystroke="enter" />
  </action>
  <action id="CopyAbsolutePath">
    <keyboard-shortcut first-keystroke="shift alt c" />
  </action>
  <action id="CopyPaths">
    <keyboard-shortcut first-keystroke="shift alt c" />
  </action>
  <action id="EditSourceInNewWindow" />
  <action id="Editor EditorTranslateAction">
    <keyboard-shortcut first-keystroke="alt t" />
  </action>
  <action id="EditorDown">
    <keyboard-shortcut first-keystroke="down" />
    <keyboard-shortcut first-keystroke="ctrl m" />
  </action>
  <action id="EditorJoinLines" />
  <action id="EditorLeft">
    <keyboard-shortcut first-keystroke="left" />
    <keyboard-shortcut first-keystroke="ctrl j" />
  </action>
  <action id="EditorLineEnd">
    <keyboard-shortcut first-keystroke="end" />
    <keyboard-shortcut first-keystroke="ctrl semicolon" />
  </action>
  <action id="EditorLineStart">
    <keyboard-shortcut first-keystroke="home" />
    <keyboard-shortcut first-keystroke="ctrl h" />
  </action>
  <action id="EditorNextWord">
    <keyboard-shortcut first-keystroke="ctrl o" />
  </action>
  <action id="EditorNextWordWithSelection">
    <keyboard-shortcut first-keystroke="shift ctrl o" />
  </action>
  <action id="EditorPreviousWord">
    <keyboard-shortcut first-keystroke="ctrl u" />
  </action>
  <action id="EditorPreviousWordWithSelection">
    <keyboard-shortcut first-keystroke="shift ctrl u" />
  </action>
  <action id="EditorRight">
    <keyboard-shortcut first-keystroke="right" />
    <keyboard-shortcut first-keystroke="ctrl k" />
  </action>
  <action id="EditorScrollToCenter" />
  <action id="EditorSelectLine" />
  <action id="EditorUp">
    <keyboard-shortcut first-keystroke="up" />
    <keyboard-shortcut first-keystroke="ctrl i" />
  </action>
  <action id="ExpandAllRegions" />
  <action id="ExpandRegionRecursively" />
  <action id="ExternalSystem.ProjectRefreshAction" />
  <action id="FileStructurePopup" />
  <action id="FindInPath">
    <keyboard-shortcut first-keystroke="ctrl q" />
  </action>
  <action id="GotoDeclaration">
    <mouse-shortcut keystroke="control button1" />
    <keyboard-shortcut first-keystroke="ctrl d" />
  </action>
  <action id="GotoFile" />
  <action id="GotoNextError">
    <keyboard-shortcut first-keystroke="ctrl e" />
  </action>
  <action id="Help.KeymapReference" />
  <action id="JumpToLastChange" />
  <action id="MoveTabRight" />
  <action id="NextSplitter" />
  <action id="OpenFile" />
  <action id="PrevSplitter" />
  <action id="ProblemsView.QuickFixes" />
  <action id="QuickChangeScheme" />
  <action id="RecentFiles" />
  <action id="RemoteServers.EditServerConfig" />
  <action id="Replace">
    <keyboard-shortcut first-keystroke="ctrl r" />
  </action>
  <action id="RevealIn" />
  <action id="RunDashboard.EditConfiguration" />
  <action id="SaveAll" />
  <action id="SearchEverywhere">
    <keyboard-shortcut first-keystroke="f1" />
    <keyboard-shortcut first-keystroke="shift ctrl a" />
    <keyboard-shortcut first-keystroke="ctrl p" />
  </action>
  <action id="SelectNextOccurrence" />
  <action id="SendEOF">
    <keyboard-shortcut first-keystroke="ctrl d" />
  </action>
  <action id="ShowIntentionActions">
    <keyboard-shortcut first-keystroke="alt enter" />
  </action>
  <action id="ShowReformatFileDialog">
    <keyboard-shortcut first-keystroke="alt s" />
  </action>
  <action id="SwitcherIterateItems" />
  <action id="SwitcherRecentEditedChangedToggleCheckBox" />
  <action id="Terminal.NextSplitter" />
  <action id="Terminal.PrevSplitter" />
  <action id="ToggleZenMode" />
  <action id="TypeHierarchy">
    <keyboard-shortcut first-keystroke="alt h" />
  </action>
  <action id="Uml.NodeIntentions">
    <keyboard-shortcut first-keystroke="alt enter" />
  </action>
  <action id="UnselectPreviousOccurrence" />
  <action id="UsageFiltering.Imports" />
  <action id="UsageFiltering.ReadAccess" />
  <action id="Vcs.ShowMessageHistory" />
  <action id="org.intellij.plugins.markdown.ui.actions.styling.InsertImageAction" />
  <action id="org.intellij.plugins.markdown.ui.actions.styling.MarkdownCreateLinkAction" />
  <action id="org.intellij.plugins.markdown.ui.actions.styling.ToggleItalicAction" />
</keymap>