<keymap version="1" name="Windows copy" parent="$default">
  <action id="ChangesView.ToggleCommitUi" />
  <action id="CheckinProject" />
  <action id="EditorLineEnd">
    <keyboard-shortcut first-keystroke="ctrl semicolon" />
  </action>
  <action id="EditorMoveToPageBottom">
    <keyboard-shortcut first-keystroke="ctrl m" />
  </action>
  <action id="EditorNextWord">
    <keyboard-shortcut first-keystroke="ctrl k" />
  </action>
  <action id="EditorPreviousWord">
    <keyboard-shortcut first-keystroke="ctrl j" />
  </action>
  <action id="EditorScrollToCenter" />
  <action id="Git.Commit.Stage" />
  <action id="InsertLiveTemplate" />
  <action id="Vcs.ShowMessageHistory">
    <keyboard-shortcut first-keystroke="ctrl e" />
  </action>
</keymap>