<keymap version="1" name="JokerWang" parent="$default">
  <action id="Arrangement.Alias.Rule.Match.Condition.Move.Down" />
  <action id="Arrangement.Rule.Group.Condition.Move.Down" />
  <action id="Arrangement.Rule.Group.Condition.Move.Up" />
  <action id="Arrangement.Rule.Match.Condition.Move.Down" />
  <action id="Arrangement.Rule.Match.Condition.Move.Up" />
  <action id="Back">
    <keyboard-shortcut first-keystroke="ctrl alt left" />
    <mouse-shortcut keystroke="button4" />
    <keyboard-shortcut first-keystroke="alt left" />
  </action>
  <action id="ChangesView.ToggleCommitUi" />
  <action id="CheckinProject" />
  <action id="Console.TableResult.ColumnSortDesc">
    <keyboard-shortcut first-keystroke="alt down" />
  </action>
  <action id="EditorDeleteLine">
    <keyboard-shortcut first-keystroke="ctrl y" />
    <keyboard-shortcut first-keystroke="ctrl back_space" />
  </action>
  <action id="EditorDeleteToWordStart" />
  <action id="EditorDown">
    <keyboard-shortcut first-keystroke="down" />
    <keyboard-shortcut first-keystroke="ctrl m" />
  </action>
  <action id="EditorDuplicate">
    <keyboard-shortcut first-keystroke="ctrl d" />
    <keyboard-shortcut first-keystroke="shift alt down" />
  </action>
  <action id="EditorLeft">
    <keyboard-shortcut first-keystroke="left" />
    <keyboard-shortcut first-keystroke="ctrl j" />
  </action>
  <action id="EditorLineEnd">
    <keyboard-shortcut first-keystroke="end" />
    <keyboard-shortcut first-keystroke="ctrl semicolon" />
  </action>
  <action id="EditorLineStart">
    <keyboard-shortcut first-keystroke="home" />
    <keyboard-shortcut first-keystroke="ctrl h" />
  </action>
  <action id="EditorNextWordWithSelection">
    <keyboard-shortcut first-keystroke="shift ctrl right" />
    <keyboard-shortcut first-keystroke="ctrl o" />
  </action>
  <action id="EditorPreviousWordWithSelection">
    <keyboard-shortcut first-keystroke="shift ctrl left" />
    <keyboard-shortcut first-keystroke="ctrl u" />
  </action>
  <action id="EditorRight">
    <keyboard-shortcut first-keystroke="right" />
    <keyboard-shortcut first-keystroke="ctrl k" />
  </action>
  <action id="EditorScrollToCenter" />
  <action id="EditorUp">
    <keyboard-shortcut first-keystroke="up" />
    <keyboard-shortcut first-keystroke="ctrl i" />
  </action>
  <action id="FileChooser.TogglePathBar" />
  <action id="FindInPath">
    <keyboard-shortcut first-keystroke="shift ctrl f" />
    <keyboard-shortcut first-keystroke="ctrl q" />
  </action>
  <action id="Forward">
    <keyboard-shortcut first-keystroke="ctrl alt right" />
    <mouse-shortcut keystroke="button5" />
    <keyboard-shortcut first-keystroke="alt right" />
  </action>
  <action id="Generate.Missing.Members.ES6" />
  <action id="Generate.Missing.Members.TypeScript" />
  <action id="Git.Commit.Stage" />
  <action id="GotoNextError">
    <keyboard-shortcut first-keystroke="f2" />
    <keyboard-shortcut first-keystroke="ctrl e" />
  </action>
  <action id="GotoSuperMethod" />
  <action id="ImplementMethods" />
  <action id="InsertLiveTemplate" />
  <action id="JupyterNotebookMoveCellDownCommandModeAction">
    <keyboard-shortcut first-keystroke="alt j" />
  </action>
  <action id="JupyterNotebookMoveCellUpCommandModeAction">
    <keyboard-shortcut first-keystroke="alt k" />
  </action>
  <action id="MethodDown" />
  <action id="MethodUp" />
  <action id="MoveLineDown">
    <keyboard-shortcut first-keystroke="alt down" />
  </action>
  <action id="MoveLineUp">
    <keyboard-shortcut first-keystroke="shift alt up" />
    <keyboard-shortcut first-keystroke="alt up" />
  </action>
  <action id="NextTab" />
  <action id="OverrideMethods" />
  <action id="ParameterInfo" />
  <action id="PreviousTab" />
  <action id="QuickJavaDoc">
    <mouse-shortcut keystroke="alt button2" />
  </action>
  <action id="RecentFiles" />
  <action id="SearchEverywhere">
    <keyboard-shortcut first-keystroke="ctrl p" />
  </action>
  <action id="ShowContent" />
  <action id="ShowReformatFileDialog">
    <keyboard-shortcut first-keystroke="shift ctrl alt l" />
    <keyboard-shortcut first-keystroke="alt s" />
  </action>
  <action id="ShowSearchHistory" />
  <action id="SwitcherIterateItems" />
  <action id="SwitcherRecentEditedChangedToggleCheckBox" />
  <action id="Terminal.ShowDocumentation">
    <mouse-shortcut keystroke="alt button2" />
  </action>
  <action id="TypeHierarchy">
    <keyboard-shortcut first-keystroke="alt h" />
  </action>
  <action id="TypeHierarchyBase.BaseOnThisType" />
  <action id="UsageFiltering.Imports" />
  <action id="UsageView.ShowRecentFindUsages" />
  <action id="Vcs.Log.ShowTooltip">
    <mouse-shortcut keystroke="alt button2" />
  </action>
  <action id="Vcs.ShowMessageHistory" />
  <action id="XDebugger.MoveWatchDown">
    <keyboard-shortcut first-keystroke="alt down" />
  </action>
  <action id="org.intellij.plugins.markdown.ui.actions.styling.InsertImageAction" />
  <action id="org.intellij.plugins.markdown.ui.actions.styling.ToggleItalicAction" />
</keymap>