<application>
  <component name="Translation.Cache">
    <option name="lastTrimTime" value="1698889633055" />
  </component>
  <component name="Translation.Settings">
    <option name="baiduTranslateSettings">
      <app-key>
        <option name="appId" value="20230905001806586" />
      </app-key>
    </option>
    <option name="primaryLanguage" value="CHINESE" />
    <option name="showActionsInContextMenuOnlyWithSelection" value="false" />
    <option name="translator" value="BAIDU" />
  </component>
  <component name="Translation.States">
    <histories>
      <item value="affix" />
      <item value="Approval" />
      <item value="transition" />
      <item value="Conscrypt" />
      <item value="IMPLICITLY" />
      <item value="Performs TLS (re)negotiation." />
      <item value="Cumulator" />
      <item value="Issues an initial TLS handshake once connected when used in client-mode" />
      <item value="Page Aligned" />
      <item value="scalability" />
      <item value="Registration future is almost always fulfilled already, but just in case it's not" />
      <item value="Selector Tuple" />
      <item value="produces" />
      <item value="Raises an exception bypassing compiler checks for checked exceptions" />
      <item value="to avoidpostpone performance cost of System.nanoTime()" />
      <item value="A nexus to a network socket or a component which is capable of IO operations such as read, write, connect, and bind." />
      <item value="nexus" />
      <item value="Duplex" />
      <item value="A nexus for IO operations." />
      <item value="Usage guarded by java version check" />
      <item value="comprised" />
      <item value="Color Model" />
      <item value="A BufferedImage is comprised of a ColorModel and a Raster of image data" />
      <item value="Raster" />
      <item value="A clock providing access to the current instant, date and time using a time-zone. Instances of this abstract class are used to access a pluggable representation of the current instant, which can be interpreted using the stored time-zone to find the current date and time. For example, Clock can be used instead of System.currentTimeMillis() and TimeZone.getDefault()." />
      <item value="Solar" />
      <item value="The same origin is used by all invocations of this method in an instance of a Java virtual machine; other virtual machine instances are likely to use a different origin." />
      <item value="This method can only be used to measure elapsed time and is not related to any other notion of system or wall-clock time. The value returned represents nanoseconds since some fixed but arbitrary origin time (perhaps in the future, so values may be negative)." />
      <item value="Clock drift 4 ms after 1997 ms = 2 mss" />
      <item value="is Leap Year" />
      <item value="Sends one message when a connection is open and echoes back any received data to the server. Simply put, the echo client initiates the ping-pong traffic between the echo client and server by sending the first message to the server." />
      <item value="Simply put" />
      <item value="Automatically active on windows as we only release static boringssl version of netty-tcnative for windows." />
      <item value="Our Javadoc has poor enough quality to fail the build thanks to JDK8 javadoc which got more strict." />
      <item value="The &lt;code&gt;System&lt;code&gt; class contains several useful class fields and methods. It cannot be instantiated. &lt;p&gt;Among the facilities provided by the &lt;code&gt;System&lt;code&gt; class are standard input, standard output, and error output streams; access to externally defined properties and environment variables; a means of loading files and libraries; and a utility method for quickly copying a portion of an array." />
      <item value="Java vendor specific string" />
      <item value="vendor" />
      <item value="do Privileged" />
      <item value="retain" />
      <item value="Violation" />
      <item value="Year Month" />
      <item value="Compensated" />
      <item value="gene Labor Discipline Score" />
      <item value="Chardomain" />
      <item value="Compacts this buffer  (optional operation). The bytes between the buffer's current position and its limit, if any, are copied to the beginning of the buffer. That is, the byte at index p = position() is copied to index zero, the byte at index p + 1 is copied to index one, and so forth until the byte at index limit() - 1 is copied to index n = limit() - 1 - p. The buffer's position is then set to n+1 and its limit is set to its capacity. The mark, if defined, is discarded. The buffer's position is set to the number of bytes copied, rather than to zero, so that an invocation of this method can be followed immediately by an invocation of another relative put method. Invoke this method after writing data from a buffer in case the write was incomplete. The following loop, for example, copies bytes from one channel to another via the buffer buf: buf.clear(); Prepare buffer for use while (in.read(buf) &gt;= 0 || buf.position != 0) { buf.flip(); out.write(buf); buf.compact(); In case of partial write } Returns: This buffer Throws: ReadOnlyBufferException – If this buffer is read-only" />
      <item value="last Workday" />
      <item value="Successful CAS is the linearization point for e to become an element of this queue, and for newNode to become &quot;live&quot;." />
      <item value="We have fallen off list. If tail is unchanged, it will also be off-list, in which case we need to jump to head, from which all live nodes are always reachable. Else the new tail is a better bet." />
      <item value="public boolean offer(E e) { checkNotNull(e); final Node&lt;E&gt; newNode = new Node&lt;E&gt;(e); for (Node&lt;E&gt; t = tail, p = t;;) { Node&lt;E&gt; q = p.next; if (q == null) { p is last node if (p.casNext(null, newNode)) { Successful CAS is the linearization point for e to become an element of this queue, and for newNode to become &quot;live&quot;. if (p != t) hop two nodes at a time casTail(t, newNode); Failure is OK. return true; } Lost CAS race to another thread; re-read next } else if (p == q) We have fallen off list. If tail is unchanged, it will also be off-list, in which case we need to jump to head, from which all live nodes are always reachable. Else the new tail is a better bet. p = (t != (t = tail)) ? t : head; else Check for tail updates after two hops. p = (p != t &amp;&amp; t != (t = tail)) ? t : q; } }" />
      <item value="Successful CAS is the linearization point for e to become an element of this queue, and for newNode to become &quot;live&quot;. if (p != t) hop two nodes at a tim" />
    </histories>
    <option name="languageScores">
      <map>
        <entry key="CHINESE" value="44" />
        <entry key="ENGLISH" value="45" />
        <entry key="GALICIAN" value="1" />
      </map>
    </option>
  </component>
</application>