<application>
  <component name="CosySettings">
    <option name="dedicatedDomainUrl" value="" />
    <option name="displayLanguage" value="zh" />
    <option name="localStoragePath" value="C:\Users\Administrator\.lingma" />
    <option name="manualOpenLocalModel" value="true" />
    <option name="parameter">
      <ChangeUserSettingParams>
        <option name="allowReportUsage" value="true" />
        <option name="cloud">
          <CloudModelParam>
            <option name="autoTrigger">
              <CloudModelAutoTrigger>
                <option name="enable" value="true" />
                <option name="generateLength" value="level_2" />
                <option name="modelLevel" value="large" />
              </CloudModelAutoTrigger>
            </option>
            <option name="enable" value="true" />
            <option name="manualTrigger">
              <CloudModelManualTrigger>
                <option name="generateLength" value="level_2" />
                <option name="modelLevel" value="large" />
              </CloudModelManualTrigger>
            </option>
            <option name="showInlineWhenIDECompletion" value="true" />
          </CloudModelParam>
        </option>
        <option name="local">
          <LocalModelParam>
            <option name="enable" value="true" />
            <option name="inferenceMode" value="auto" />
            <option name="maxCandidateNum" value="3" />
          </LocalModelParam>
        </option>
      </ChangeUserSettingParams>
    </option>
    <option name="recentComplexQueries">
      <map>
        <entry key="mcp-reborn|1573235247993499">
          <value>
            <list>
              <ChatRecentQuery>
                <option name="chatInputElements">
                  <list>
                    <ChatInputElement>
                      <option name="text" value="Customize Toolbar...&#10;" />
                      <option name="type" value="text" />
                    </ChatInputElement>
                  </list>
                </option>
                <option name="contextTags">
                  <list>
                    <ChatContextTag>
                      <option name="componentType" value="comboBox" />
                      <option name="contextProvider">
                        <SuggestPrompt>
                          <option name="componentType" value="comboBox" />
                          <option name="contextName" value="file" />
                          <option name="drillDownEnable" value="true" />
                          <option name="enabled" value="true" />
                          <option name="extra">
                            <map>
                              <entry key="contextType">
                                <value>
                                  <Object />
                                </value>
                              </entry>
                            </map>
                          </option>
                          <option name="hint" value="file" />
                          <option name="id" value="7a0c2792-b1ed-49ec-a82b-d97b16a242b4" />
                          <option name="text" value="#file" />
                          <option name="type" value="context" />
                        </SuggestPrompt>
                      </option>
                      <option name="extra">
                        <map>
                          <entry key="contextType">
                            <value>
                              <Object />
                            </value>
                          </entry>
                          <entry key="fileType">
                            <value>
                              <Object />
                            </value>
                          </entry>
                        </map>
                      </option>
                      <option name="id" value="C:\Document\common workspace\MCP-Reborn-1.20\src\main\java\net\minecraft\client\Minecraft.java" />
                      <option name="name" value="C:\Document\common workspace\MCP-Reborn-1.20\src\main\java\net\minecraft\client\Minecraft.java" />
                      <option name="payload">
                        <Object />
                      </option>
                      <option name="text" value="Minecraft.java" />
                      <option name="type" value="file" />
                    </ChatContextTag>
                  </list>
                </option>
              </ChatRecentQuery>
              <ChatRecentQuery>
                <option name="chatInputElements">
                  <list>
                    <ChatInputElement>
                      <option name="text" value="               SingleTickProfiler singletickprofiler = SingleTickProfiler.createTickProfiler(&quot;Renderer&quot;);&#10;               boolean flag1 = this.getDebugOverlay().showProfilerChart();&#10;               this.profiler = this.constructProfiler(flag1, singletickprofiler);&#10;               this.profiler.startTick();&#10;               this.metricsRecorder.startTick();&#10;               this.runTick(!flag);&#10;               this.metricsRecorder.endTick();&#10;               this.profiler.endTick();&#10;               this.finishProfilers(flag1, singletickprofiler);&#10;" />
                      <option name="type" value="text" />
                    </ChatInputElement>
                  </list>
                </option>
                <option name="contextTags">
                  <list />
                </option>
              </ChatRecentQuery>
              <ChatRecentQuery>
                <option name="chatInputElements">
                  <list>
                    <ChatInputElement>
                      <option name="tag">
                        <ChatAskTag>
                          <option name="displayText" value="/explain" />
                          <option name="id" value="EXPLAIN_CODE" />
                          <option name="text" value="/explain" />
                          <option name="type" value="task" />
                        </ChatAskTag>
                      </option>
                      <option name="type" value="tag" />
                    </ChatInputElement>
                    <ChatInputElement>
                      <option name="text" value=" 逐行解释代码" />
                      <option name="type" value="text" />
                    </ChatInputElement>
                  </list>
                </option>
                <option name="contextTags">
                  <list>
                    <ChatContextTag>
                      <option name="componentType" value="comboBox" />
                      <option name="contextProvider">
                        <SuggestPrompt>
                          <option name="componentType" value="comboBox" />
                          <option name="contextName" value="selectedCode" />
                          <option name="drillDownEnable" value="false" />
                          <option name="enabled" value="true" />
                          <option name="extra">
                            <map>
                              <entry key="contextType">
                                <value>
                                  <Object />
                                </value>
                              </entry>
                            </map>
                          </option>
                          <option name="hint" value="selectedCode" />
                          <option name="id" value="858b986a-9b02-4d41-87ef-c7b6b92b44d7" />
                          <option name="text" value="#selectedCode" />
                          <option name="type" value="context" />
                        </SuggestPrompt>
                      </option>
                      <option name="endLine" value="778" />
                      <option name="extra">
                        <map>
                          <entry key="contextType">
                            <value>
                              <Object />
                            </value>
                          </entry>
                          <entry key="endLine">
                            <value>
                              <Object />
                            </value>
                          </entry>
                          <entry key="fileName">
                            <value>
                              <Object />
                            </value>
                          </entry>
                          <entry key="filePath">
                            <value>
                              <Object />
                            </value>
                          </entry>
                          <entry key="selectedItemContent">
                            <value>
                              <Object />
                            </value>
                          </entry>
                          <entry key="startLine">
                            <value>
                              <Object />
                            </value>
                          </entry>
                        </map>
                      </option>
                      <option name="id" value="C:\Document\common workspace\MCP-Reborn-1.20\src\main\java\net\minecraft\client\Minecraft.java#L770-L778" />
                      <option name="name" value="C:\Document\common workspace\MCP-Reborn-1.20\src\main\java\net\minecraft\client\Minecraft.java#L770-L778" />
                      <option name="payload">
                        <Object />
                      </option>
                      <option name="statLine" value="770" />
                      <option name="text" value="Minecraft.java" />
                      <option name="type" value="currentFile" />
                    </ChatContextTag>
                  </list>
                </option>
              </ChatRecentQuery>
              <ChatRecentQuery>
                <option name="chatInputElements">
                  <list>
                    <ChatInputElement>
                      <option name="text" value="翻译: overlay" />
                      <option name="type" value="text" />
                    </ChatInputElement>
                  </list>
                </option>
                <option name="contextTags">
                  <list />
                </option>
              </ChatRecentQuery>
            </list>
          </value>
        </entry>
      </map>
    </option>
    <option name="showInlineAcceptTips" value="false" />
    <option name="showInlineTriggerTips" value="false" />
    <option name="taskInputs">
      <map>
        <entry key="1573235247993499:EXPLAIN_CODE" value=" 逐行解释代码" />
      </map>
    </option>
  </component>
</application>