<application>
  <component name="KeymapFlagsStorage">
    <option name="keymapToDescriptor">
      <map>
        <entry key="VSCode copy">
          <value>
            <list />
          </value>
        </entry>
        <entry key="Visual Studio 副本">
          <value>
            <list />
          </value>
        </entry>
        <entry key="spidercat-keymap">
          <value>
            <list />
          </value>
        </entry>
        <entry key="win">
          <value>
            <list />
          </value>
        </entry>
      </map>
    </option>
  </component>
</application>