<application>
  <component name="PostfixTemplates">
    <template id="com.intellij.codeInsight.template.postfix.templates.IsNullCheckPostfixTemplate#.null" key=".ifNull" provider="builtin.java" builtin="com.intellij.codeInsight.template.postfix.templates.IsNullCheckPostfixTemplate#.null" />
    <template id="com.intellij.codeInsight.template.postfix.templates.NotNullCheckPostfixTemplate#.notnull" key=".ifNNull" provider="builtin.java" builtin="com.intellij.codeInsight.template.postfix.templates.NotNullCheckPostfixTemplate#.notnull" />
    <template id="ifobj@userDefined" key=".ifobj" provider="builtin.java" language-level="8" topmost="false">
      <conditions>
        <condition id="non void" />
      </conditions>
      <template name="fakeKey" value="if ($EXPR$$CONDITION$) {&#10;    $END$&#10;}" description="" toReformat="true" toShortenFQNames="true" />
    </template>
  </component>
  <component name="PostfixTemplatesSettings">
    <option name="providerToDisabledTemplates">
      <disabled-templates provider="builtin.groovy">
        <value>
          <set>
            <option value="groovy.postfix.template.all" />
            <option value="groovy.postfix.template.arg" />
            <option value="groovy.postfix.template.cast" />
            <option value="groovy.postfix.template.def" />
            <option value="groovy.postfix.template.else" />
            <option value="groovy.postfix.template.filter" />
            <option value="groovy.postfix.template.flatMap" />
            <option value="groovy.postfix.template.foldLeft" />
            <option value="groovy.postfix.template.for" />
            <option value="groovy.postfix.template.if" />
            <option value="groovy.postfix.template.iter" />
            <option value="groovy.postfix.template.map" />
            <option value="groovy.postfix.template.new" />
            <option value="groovy.postfix.template.nn" />
            <option value="groovy.postfix.template.not" />
            <option value="groovy.postfix.template.notnull" />
            <option value="groovy.postfix.template.null" />
            <option value="groovy.postfix.template.par" />
            <option value="groovy.postfix.template.reduce" />
            <option value="groovy.postfix.template.reqnonnull" />
            <option value="groovy.postfix.template.return" />
            <option value="groovy.postfix.template.serr" />
            <option value="groovy.postfix.template.sout" />
            <option value="groovy.postfix.template.throw" />
            <option value="groovy.postfix.template.try" />
            <option value="groovy.postfix.template.var" />
            <option value="groovy.postfix.template.while" />
          </set>
        </value>
      </disabled-templates>
      <disabled-templates provider="builtin.java">
        <value>
          <set>
            <option value="arg" />
            <option value="com.intellij.codeInsight.template.postfix.templates.CastExpressionPostfixTemplate#.cast" />
            <option value="com.intellij.codeInsight.template.postfix.templates.CastVarPostfixTemplate#.castvar" />
            <option value="com.intellij.codeInsight.template.postfix.templates.ElseStatementPostfixTemplate#.else" />
            <option value="com.intellij.codeInsight.template.postfix.templates.InstanceofExpressionPostfixTemplate#.inst" />
            <option value="com.intellij.codeInsight.template.postfix.templates.InstanceofExpressionPostfixTemplate#.instanceof" />
            <option value="com.intellij.codeInsight.template.postfix.templates.IntroduceFieldPostfixTemplate#.field" />
            <option value="com.intellij.codeInsight.template.postfix.templates.NotExpressionPostfixTemplate#!" />
            <option value="com.intellij.codeInsight.template.postfix.templates.NotExpressionPostfixTemplate#.not" />
            <option value="com.intellij.codeInsight.template.postfix.templates.NotNullCheckPostfixTemplate#.nn" />
            <option value="com.intellij.codeInsight.template.postfix.templates.ParenthesizedExpressionPostfixTemplate#.par" />
            <option value="com.intellij.codeInsight.template.postfix.templates.SwitchStatementPostfixTemplate#.switch" />
            <option value="com.intellij.codeInsight.template.postfix.templates.TryStatementPostfixTemplate#.try" />
            <option value="com.intellij.codeInsight.template.postfix.templates.TryWithResourcesPostfixTemplate#.twr" />
            <option value="format" />
            <option value="forr" />
            <option value="iter" />
            <option value="lambda" />
            <option value="opt" />
            <option value="reqnonnull" />
            <option value="serr" />
            <option value="souf" />
            <option value="soutv" />
            <option value="synchronized" />
            <option value="while" />
          </set>
        </value>
      </disabled-templates>
      <disabled-templates provider="de.plushnikov.intellij.plugin.extension.postfix.LombokPostfixTemplateProvider">
        <value>
          <set>
            <option value="de.plushnikov.intellij.plugin.extension.postfix.LombokValPostfixTemplate#.val" />
            <option value="de.plushnikov.intellij.plugin.extension.postfix.LombokVarPostfixTemplate#.varl" />
          </set>
        </value>
      </disabled-templates>
      <disabled-templates provider="org.jetbrains.kotlin.idea.codeInsight.postfix.KtPostfixTemplateProvider">
        <value>
          <set>
            <option value="org.jetbrains.kotlin.idea.codeInsight.postfix.KtArgumentPostfixTemplate#.arg" />
            <option value="org.jetbrains.kotlin.idea.codeInsight.postfix.KtAssertPostfixTemplate#.assert" />
            <option value="org.jetbrains.kotlin.idea.codeInsight.postfix.KtElseExpressionPostfixTemplate#.else" />
            <option value="org.jetbrains.kotlin.idea.codeInsight.postfix.KtForEachPostfixTemplate#.for" />
            <option value="org.jetbrains.kotlin.idea.codeInsight.postfix.KtForEachPostfixTemplate#.iter" />
            <option value="org.jetbrains.kotlin.idea.codeInsight.postfix.KtForLoopNumbersPostfixTemplate#.fori" />
            <option value="org.jetbrains.kotlin.idea.codeInsight.postfix.KtForLoopReverseNumbersPostfixTemplate#.forr" />
            <option value="org.jetbrains.kotlin.idea.codeInsight.postfix.KtForReversedPostfixTemplate#.forr" />
            <option value="org.jetbrains.kotlin.idea.codeInsight.postfix.KtForWithIndexPostfixTemplate#.fori" />
            <option value="org.jetbrains.kotlin.idea.codeInsight.postfix.KtIfExpressionPostfixTemplate#.if" />
            <option value="org.jetbrains.kotlin.idea.codeInsight.postfix.KtIsNullPostfixTemplate#.null" />
            <option value="org.jetbrains.kotlin.idea.codeInsight.postfix.KtNotNullPostfixTemplate#.nn" />
            <option value="org.jetbrains.kotlin.idea.codeInsight.postfix.KtNotNullPostfixTemplate#.notnull" />
            <option value="org.jetbrains.kotlin.idea.codeInsight.postfix.KtNotPostfixTemplate#.not" />
            <option value="org.jetbrains.kotlin.idea.codeInsight.postfix.KtParenthesizedPostfixTemplate#.par" />
            <option value="org.jetbrains.kotlin.idea.codeInsight.postfix.KtReturnPostfixTemplate#.return" />
            <option value="org.jetbrains.kotlin.idea.codeInsight.postfix.KtSoutPostfixTemplate#.sout" />
            <option value="org.jetbrains.kotlin.idea.codeInsight.postfix.KtSpreadPostfixTemplate#.spread" />
            <option value="org.jetbrains.kotlin.idea.codeInsight.postfix.KtTryPostfixTemplate#.try" />
            <option value="org.jetbrains.kotlin.idea.codeInsight.postfix.KtWhenExpressionPostfixTemplate#.when" />
            <option value="org.jetbrains.kotlin.idea.codeInsight.postfix.KtWhilePostfixTemplate#.while" />
            <option value="org.jetbrains.kotlin.idea.codeInsight.postfix.KtWithPostfixTemplate#.with" />
            <option value="org.jetbrains.kotlin.idea.codeInsight.postfix.KtWrapWithArrayOfPostfixTemplate#.arrayOf" />
            <option value="org.jetbrains.kotlin.idea.codeInsight.postfix.KtWrapWithListOfPostfixTemplate#.listOf" />
            <option value="org.jetbrains.kotlin.idea.codeInsight.postfix.KtWrapWithSequenceOfPostfixTemplate#.sequenceOf" />
            <option value="org.jetbrains.kotlin.idea.codeInsight.postfix.KtWrapWithSetOfPostfixTemplate#.setOf" />
            <option value="val" />
            <option value="var" />
          </set>
        </value>
      </disabled-templates>
    </option>
  </component>
</application>