<application>
  <component name="UpdatesConfigurable">
    <ignoredBuildNumbers>
      <item value="242.24807.4" />
    </ignoredBuildNumbers>
    <option name="LAST_BUILD_CHECKED" value="IC-242.23339.11" />
    <option name="LAST_TIME_CHECKED" value="1738466628073" />
    <option name="OBSOLETE_CUSTOM_REPOSITORIES_CLEAN_NEEDED" value="false" />
    <pluginHosts>
      <item value="https://idekit.sankuai.com/repository/plugins.xml" />
    </pluginHosts>
    <option name="THIRD_PARTY_PLUGINS_ALLOWED" value="true" />
    <option name="WHATS_NEW_SHOWN_FOR" value="242" />
  </component>
</application>