<application>
  <component name="DimensionService">
    <size key="GridCell.Tab.0.right.0.0.1920.1080@120dpi" width="1818" height="346" />
    <size key="GridCell.Tab.0.left.0.0.1920.1080@120dpi" width="1818" height="346" />
    <size key="GridCell.Tab.0.center.0.0.1920.1080@120dpi" width="1818" height="346" />
    <size key="GridCell.Tab.0.bottom.0.0.1920.1080@120dpi" width="1818" height="346" />
    <size key="GridCell.Tab.1.left.0.0.1920.1080@120dpi" width="1818" height="331" />
    <size key="GridCell.Tab.1.center.0.0.1920.1080@120dpi" width="1818" height="331" />
    <size key="GridCell.Tab.1.right.0.0.1920.1080@120dpi" width="1818" height="331" />
    <size key="GridCell.Tab.1.bottom.0.0.1920.1080@120dpi" width="1818" height="331" />
    <size key="GridCell.Tab.0.left.0.0.2560.1440@120dpi" width="2458" height="482" />
    <size key="GridCell.Tab.0.center.0.0.2560.1440@120dpi" width="2458" height="482" />
    <size key="GridCell.Tab.0.right.0.0.2560.1440@120dpi" width="2458" height="482" />
    <size key="GridCell.Tab.0.bottom.0.0.2560.1440@120dpi" width="2458" height="482" />
  </component>
  <component name="WindowManager">
    <frame x="-9" y="-9" width="2578" height="1398" extendedState="6" />
  </component>
  <component name="WindowStateApplicationService">
    <state x="807" y="169" key="FileChooserDialogImpl" timestamp="1736655225300">
      <screen x="0" y="0" width="1920" height="1032" />
    </state>
    <state x="807" y="169" key="FileChooserDialogImpl/0.0.1920.1032" timestamp="1736655225300" />
    <state width="615" height="139" key="ShowUsagesActions.dimensionServiceKey" timestamp="1738466792825">
      <screen x="0" y="0" width="2048" height="1104" />
    </state>
    <state width="753" height="230" key="ShowUsagesActions.dimensionServiceKey/0.0.1920.1032" timestamp="1736674046880" />
    <state width="615" height="139" key="ShowUsagesActions.dimensionServiceKey/0.0.2048.1104" timestamp="1738466792825" />
    <state x="959" y="489" width="1117" height="870" key="WELCOME_SCREEN" timestamp="1736655207570">
      <screen x="0" y="0" width="1920" height="1032" />
    </state>
    <state x="959" y="489" width="1117" height="870" key="WELCOME_SCREEN/0.0.1920.1032" timestamp="1736655207570" />
  </component>
</application>