<application>
  <component name="DimensionService">
    <size key="GridCell.Tab.0.left.0.0.1920.1080@120dpi" width="1818" height="325" />
    <size key="GridCell.Tab.0.center.0.0.1920.1080@120dpi" width="1818" height="325" />
    <size key="GridCell.Tab.0.right.0.0.1920.1080@120dpi" width="1818" height="325" />
    <size key="GridCell.Tab.0.bottom.0.0.1920.1080@120dpi" width="1818" height="325" />
  </component>
  <component name="WindowManager">
    <frame x="-8" y="-8" width="1936" height="1048" extendedState="6" />
  </component>
  <component name="WindowStateApplicationService">
    <state x="687" y="164" key="FileChooserDialogImpl" timestamp="1736013132896">
      <screen x="0" y="0" width="1920" height="1032" />
    </state>
    <state x="687" y="164" key="FileChooserDialogImpl/0.0.1920.1032" timestamp="1736013132896" />
    <state x="960" y="479" width="1000" height="813" key="WELCOME_SCREEN" timestamp="1736013032312">
      <screen x="0" y="0" width="1920" height="1032" />
    </state>
    <state x="960" y="479" width="1000" height="813" key="WELCOME_SCREEN/0.0.1920.1032" timestamp="1736013032312" />
  </component>
</application>